cornerpt,cornerx,cornery,cell_name
za2,300897.8832,1565024.791,a2-za3
a2,300907.4329,1565028.08,a2-za3
a3,300911.1254,1565019.381,a2-za3
za3,300899.389816,1565016.21625,a2-za3
