cornerpt,cornerx,cornery,cell_name
za3,300899.389816,1565016.21625,a3-za4
a3,300911.1254,1565019.381,a3-za4
a4,300910.3982,1565008.65,a3-za4
za4,NA,NA,a3-za4
