cornerpt,cornerx,cornery,cell_name
d2,300937.060339,1565032.93528,d2-e3
e2,NA,NA,d2-e3
e3,300947.8287,1565024.222,d2-e3
d3,300937.0479,1565019.878,d2-e3
