cornerpt,cornerx,cornery,cell_name
d4,300939.562236,1565013.40083,d4-z4e
e4,300948.5891,1565014.652,d4-z4e
NA,NA,NA,d4-z4e
z4d,NA,NA,d4-z4e
