cornerpt,cornerx,cornery,cell_name
b0,309719.9881,1565670.384,b0-c1
c0,309723.123176,1565660.85252,b0-c1
c1,309730.2323,1565662.785,b0-c1
b1,NA,NA,b0-c1
