cornerpt,cornerx,cornery,cell_name
d2,309744.6213,1565657,d2-e3
e2,309747.0111,1565648.728,d2-e3
e3,309754.319,1565653.4,d2-e3
d3,309752.879011,1565662.22808,d2-e3
