cornerpt,cornerx,cornery,cell_name
z0d,269930.7137,1509839.829,d0-z0e
z0e,269935.491795,1509847.73066,d0-z0e
e0,269925.6417,1509851.491,d0-z0e
d0,269922.5001,1509844.307,d0-z0e
