dataout_unk_x,dataout_unk_y,dataout_issue,dataout_tag
269905.506025168,1509827.13532112,Okay,512
269902.193858285,1509822.31259721,Okay,513
