UnknownX,UnknownY,Tag
NA,NA,1
NA,NA,2
NA,NA,3
NA,NA,4
NA,NA,5
275567.870634324,1497701.49829976,6
275568.228712056,1497702.01700025,7
275569.09512559,1497704.5759167,8
275569.778563545,1497700.8830936,9
275569.314012222,1497698.74680739,10
275567.743263381,1497700.0412697,11
275566.652133984,1497698.1974197,12
275566.227530913,1497698.31585748,13
275568.653979253,1497699.12273509,14
NA,NA,15
NA,NA,16
NA,NA,17
NA,NA,18
NA,NA,19
NA,NA,20
NA,NA,21
