UnknownX,UnknownY,Tag
NA,NA,1
NA,NA,2
NA,NA,3
NA,NA,4
NA,NA,5
275567.870634324,1497701.49829976,6
275568.22874414,1497702.01697647,7
275569.095120011,1497704.57589041,8
275569.778611363,1497700.88309078,9
275569.314064668,1497698.74680114,10
275567.743310406,1497700.04124544,11
275566.652193203,1497698.19738781,12
275566.227589763,1497698.31582106,13
275568.653979253,1497699.12273509,14
NA,NA,15
NA,NA,16
NA,NA,17
NA,NA,18
NA,NA,19
NA,NA,20
NA,NA,21
